-- AI 圆桌讨论 MVP · 样例数据(5 条高质量完整讨论,覆盖科技伦理/教育/劳动经济/能源环境/人文)
-- 每条:1 主持 + 4 专家(色异/立场分明),完整辩论(开场→举手/反驳/补充/抢答→串联/追问→收尾),
--       共识/分歧实时提炼,主持人自然语言收尾。全部 finished,可直接回放。
-- INSERT OR IGNORE + 固定 id:重复启动幂等,不冲突。

-- ================= 讨论 1:AI 生成内容是否应当强制标注? =================
INSERT OR IGNORE INTO discussion (id, topic, status, expert_count, summary, created_at) VALUES
(1, 'AI 生成内容是否应当强制标注?', 'finished', 4,
 '这场讨论从"要不要标注"一路推进到"由谁来标注",分歧与共识都清晰浮现。各方一致认可:在可能被误认为真实的高风险场景(新闻、政务、人像),AI 内容需要某种可识别机制;真正的分歧在于覆盖范围——是全面强制,还是按风险分级。有意思的是,当话题落到"义务方"时反而收敛:与其要求每个创作者逐一自证,不如把标注放在模型与平台的技术层(生成端嵌入水印、展示端呈现),既降低误导风险,又避免污名化创作。结论不是非黑即白,而是把力气用在刀刃上、把责任放在能承载的地方。',
 '2026-07-01 10:00:00');

INSERT OR IGNORE INTO participant (id, discussion_id, role, name, profession, title, stance, color) VALUES
(1, 1, 'host',   '林知远', '科技政策评论员', '圆桌主持', '中立引导',                 '#6B7280'),
(2, 1, 'expert', '陈默',   'AI 平台架构师',  '首席架构师', '技术可行但不应一刀切,主张分级', '#2563EB'),
(3, 1, 'expert', '苏晴',   '传媒法学者',     '副教授',   '必须强制标注,保护公众知情权',   '#DB2777'),
(4, 1, 'expert', '王砚',   '内容创作者',     '自媒体主理人', '强制标注会污名化创作、抑制生产', '#16A34A'),
(5, 1, 'expert', '赵磊',   '认知心理学家',   '研究员',   '核心是防误导,标注是最低成本手段', '#F59E0B');

INSERT OR IGNORE INTO speech (id, discussion_id, participant_id, content, reaction_type, target_speech_id, seq, created_at) VALUES
(1,  1, 1, '今天聊一个越来越紧迫的问题:AI 生成的内容,该不该强制打上"AI 制作"的标签?先请各位亮明立场。', '开场', NULL, 1,  '2026-07-01 10:00:05'),
(2,  1, 2, '技术上加水印和元数据完全可行,但"一刀切强制"会误伤大量正当的辅助创作,我主张分级而非全标。',       '举手', NULL, 2,  '2026-07-01 10:00:22'),
(3,  1, 3, '分歧听着灵活,执行起来就是漏洞。公众的知情权不该让位于执行便利,能生成就该可识别。',             '反驳', 2,    3,  '2026-07-01 10:00:40'),
(4,  1, 4, '从创作者角度,强制标注等于给 AI 参与的作品盖上"次等"戳,会污名化整个创作生态。',                 '举手', NULL, 4,  '2026-07-01 10:00:58'),
(5,  1, 5, '问题的核心不是污名,是防误导。当内容可能被当真——新闻、人像、证言——不标注的社会成本极高。',       '抢答', NULL, 5,  '2026-07-01 10:01:16'),
(6,  1, 1, '分歧清晰了:一派担心执行与创作自由,一派强调知情与防误导。我先把两点记下来。',                   '串联', NULL, 6,  '2026-07-01 10:01:33'),
(7,  1, 2, '补充我的分级方案:高风险场景(新闻、政务、医疗)强制,低风险创意场景自愿,把力量用在刀刃上。',       '补充', NULL, 7,  '2026-07-01 10:01:50'),
(8,  1, 3, '谁来界定"高风险"?界限一旦模糊,平台就会往低风险那边靠,最后标注形同虚设。',                     '反驳', 7,    8,  '2026-07-01 10:02:08'),
(9,  1, 4, '防误导可以靠事后追责和平台机制,不必让每个创作者先自证"我用了 AI"。',                           '反驳', 5,    9,  '2026-07-01 10:02:26'),
(10, 1, 1, '那关键就落在——标注的义务方到底是创作者、平台,还是模型提供方?',                               '追问', NULL, 10, '2026-07-01 10:02:43'),
(11, 1, 5, '应该是"生成即嵌入":模型提供方在输出层嵌入不可见水印,平台负责展示,创作者不额外背锅。',           '举手', NULL, 11, '2026-07-01 10:03:00'),
(12, 1, 2, '这个我认同,水印在生成端做,比要求每个人手动声明可靠得多,也回应了污名化的担忧。',               '补充', NULL, 12, '2026-07-01 10:03:18'),
(13, 1, 1, '看起来大家在"由谁承担"上反而靠近了。',                                                         '串联', NULL, 13, '2026-07-01 10:03:35'),
(14, 1, 1, '从"要不要标"吵到"谁来标",分歧仍在覆盖范围,但在技术承载方上出现了难得的共识。感谢各位。',         '收尾', NULL, 14, '2026-07-01 10:03:52');

INSERT OR IGNORE INTO insight (id, discussion_id, type, content, created_at) VALUES
(1, 1, 'consensus',  'AI 生成内容在"可能被误认为真实"的高风险场景需要某种可识别机制。', '2026-07-01 10:01:35'),
(2, 1, 'divergence', '强制标注应"全面覆盖"还是"按风险分级",各方分歧明显。',           '2026-07-01 10:01:36'),
(3, 1, 'consensus',  '标注义务更适合放在模型/平台的技术层,而非要求个体创作者逐一声明。', '2026-07-01 10:03:37');

-- ================= 讨论 2:该不该给中小学生全面禁用智能手机? =================
INSERT OR IGNORE INTO discussion (id, topic, status, expert_count, summary, created_at) VALUES
(2, '该不该给中小学生全面禁用智能手机?', 'finished', 4,
 '关于校园手机,四位嘉宾很快跳出了"禁或不禁"的二元对立。共识是:课堂时段的注意力和面对面社交确实需要保护,放任不管不可取;分歧则集中在手段——是物理禁用,还是通过教育和产品设计"疏导"。争论中大家逐渐达成一个更细的共识:与其争论"要不要手机",不如区分"场景"——上课收起、课间与家校联系保留,并把"教会孩子管理注意力"作为长期目标。最终落点是:全面禁用治标不治本,分场景管理 + 媒介素养教育才是可持续解。',
 '2026-07-02 14:00:00');

INSERT OR IGNORE INTO participant (id, discussion_id, role, name, profession, title, stance, color) VALUES
(6,  2, 'host',   '周衡', '教育观察员',       '圆桌主持', '中立引导',                     '#6B7280'),
(7,  2, 'expert', '何蓉', '儿童发展心理学家', '教授',     '校内应禁,保护注意力与社交',     '#7C3AED'),
(8,  2, 'expert', '李维', '中学信息技术教师', '高级教师', '堵不如疏,应教会正确使用',       '#0891B2'),
(9,  2, 'expert', '张岚', '家长代表',         '职场家长', '安全联系有刚需,全面禁不现实',   '#DC2626'),
(10, 2, 'expert', '吴迪', '教育科技创业者',   '创始人',   '工具中性,关键在管理与产品设计', '#65A30D');

INSERT OR IGNORE INTO speech (id, discussion_id, participant_id, content, reaction_type, target_speech_id, seq, created_at) VALUES
(15, 2, 6,  '中小学生要不要在校园里全面禁用智能手机?这几年争得很凶。今天请各位先给判断。',           '开场', NULL,  1,  '2026-07-02 14:00:05'),
(16, 2, 7,  '从发展心理学看,青少年前额叶尚未成熟,自控力有限。课堂时段的手机就是注意力黑洞,校内该禁。', '举手', NULL,  2,  '2026-07-02 14:00:23'),
(17, 2, 8,  '禁得了校内禁不了校外。堵不如疏——真正该做的是教会他们什么时候用、怎么用,而不是没收。',       '反驳', 16,   3,  '2026-07-02 14:00:41'),
(18, 2, 9,  '作为家长我最现实的担忧是安全:接送、突发情况需要联系。全面禁用听起来干净,落地很难。',       '举手', NULL,  4,  '2026-07-02 14:00:59'),
(19, 2, 10, '手机是中性工具,问题出在应用的成瘾设计。与其禁设备,不如管应用、做防沉迷的产品约束。',       '抢答', NULL,  5,  '2026-07-02 14:01:17'),
(20, 2, 6,  '我听到两条线:一边强调保护注意力,一边强调安全与教育。先记下共识与分歧。',                   '串联', NULL,  6,  '2026-07-02 14:01:34'),
(21, 2, 7,  '安全需求我理解,但可以用不联网的电话手表满足,不必把智能机带进课堂。',                       '补充', NULL,  7,  '2026-07-02 14:01:51'),
(22, 2, 9,  '电话手表功能有限,很多学校的家校通知、健康码、打车都在手机上,一刀切会制造新麻烦。',           '反驳', 21,   8,  '2026-07-02 14:02:09'),
(23, 2, 8,  '所以关键是"分场景":上课统一收纳,课间和放学解禁,把管理颗粒度做细,而不是全天禁。',           '补充', NULL,  9,  '2026-07-02 14:02:27'),
(24, 2, 6,  '"分场景"这个提法各位怎么看?它是不是比"全禁/全放"更可执行?',                               '追问', NULL,  10, '2026-07-02 14:02:44'),
(25, 2, 7,  '如果课堂时段能真正落实收纳,我可以接受分场景——保护的是最关键的注意力窗口。',                 '举手', NULL,  11, '2026-07-02 14:03:01'),
(26, 2, 10, '而且分场景 + 媒介素养课,才是长期解:让孩子从"被管"变成"会管自己"。',                       '补充', NULL,  12, '2026-07-02 14:03:19'),
(27, 2, 6,  '很好,大家从对立走到了一个更细的共识上。',                                                   '串联', NULL,  13, '2026-07-02 14:03:36'),
(28, 2, 6,  '今天的结论不是简单的禁或放,而是"分场景管理 + 教会自我管理"。感谢四位。',                     '收尾', NULL,  14, '2026-07-02 14:03:53');

INSERT OR IGNORE INTO insight (id, discussion_id, type, content, created_at) VALUES
(4, 2, 'consensus',  '课堂时段的注意力与面对面社交需要保护,放任不管不可取。',       '2026-07-02 14:01:36'),
(5, 2, 'divergence', '保护手段应是"物理禁用"还是"教育与产品设计疏导",分歧明显。', '2026-07-02 14:01:37'),
(6, 2, 'consensus',  '按场景管理(上课收纳、课间解禁)+ 媒介素养教育比一刀切更可持续。', '2026-07-02 14:03:38');

-- ================= 讨论 3:四天工作制能否成为主流? =================
INSERT OR IGNORE INTO discussion (id, topic, status, expert_count, summary, created_at) VALUES
(3, '四天工作制能否成为主流?', 'finished', 4,
 '四天工作制的讨论里,乐观与谨慎并存。共识是:在以产出而非工时计价的知识型行业,四天制已有可复制的成功样本;分歧在于它能否跨越到制造业、服务业等强调"在岗时长"的领域。争论中一个尖锐的担忧被反复强调——如果只是把五天的活压进四天,那不是进步而是变相加压。各方最后在一点上趋同:四天制能否成为主流,取决于能否真正重构工作方式(减少无效会议、以结果考核),而非简单删掉一天。它更可能是"部分行业先行、逐步扩散",而非一夜之间全面铺开。',
 '2026-07-03 09:30:00');

INSERT OR IGNORE INTO participant (id, discussion_id, role, name, profession, title, stance, color) VALUES
(11, 3, 'host',   '许明', '财经评论员',       '圆桌主持', '中立引导',                     '#6B7280'),
(12, 3, 'expert', '郑清', '劳动经济学家',     '研究员',   '生产率提升可支撑,趋势不可逆',   '#059669'),
(13, 3, 'expert', '孙昊', '制造业 HR 总监',   'HRD',      '服务/制造业难照搬,行业差异大', '#2563EB'),
(14, 3, 'expert', '马丽', '远程 SaaS 创始人', 'CEO',      '知识工作已验证,四天完全可行',   '#EA580C'),
(15, 3, 'expert', '冯涛', '社会政策学者',     '副教授',   '警惕变相把五天活压进四天',       '#BE185D');

INSERT OR IGNORE INTO speech (id, discussion_id, participant_id, content, reaction_type, target_speech_id, seq, created_at) VALUES
(29, 3, 11, '四天工作制,是可预期的未来还是少数企业的营销?今天请各位直接给判断。',                       '开场', NULL,  1,  '2026-07-03 09:30:05'),
(30, 3, 14, '在我们公司验证过:四天、产出不降反升。会议砍掉一半、深度工作时间反而多了,知识行业完全可行。', '举手', NULL,  2,  '2026-07-03 09:30:23'),
(31, 3, 13, '知识行业可以,制造业和服务业不行。产线和门店讲的是在岗时长,少一天就是少一天产能。',           '反驳', 30,   3,  '2026-07-03 09:30:41'),
(32, 3, 12, '但历史上工时是一路下降的,靠的是生产率提升。四天制大概率是趋势,只是行业先后不同。',           '举手', NULL,  4,  '2026-07-03 09:30:59'),
(33, 3, 15, '我最担心的是变形:很多"四天制"其实是把五天的活压进四天,员工没轻松,只是更累。',               '抢答', NULL,  5,  '2026-07-03 09:31:17'),
(34, 3, 11, '所以焦点有两个:行业能不能普适,以及会不会变相加压。我先记下来。',                           '串联', NULL,  6,  '2026-07-03 09:31:34'),
(35, 3, 14, '回应冯老师:关键是同时重构工作方式——减少无效会议、以结果考核,而不是单纯删一天。',           '补充', NULL,  7,  '2026-07-03 09:31:51'),
(36, 3, 13, '重构听着好,可产线的节拍没法"重构"。你不能让机器四天干出五天的活。',                         '反驳', 35,   8,  '2026-07-03 09:32:09'),
(37, 3, 12, '制造业可以用轮班和自动化对冲,不必让同一个人多干。这是组织设计问题,不是物理不可能。',         '反驳', 36,   9,  '2026-07-03 09:32:27'),
(38, 3, 11, '那我追问一句:如果强制立法四天,会不会反而伤到最需要灵活的中小企业?',                       '追问', NULL,  10, '2026-07-03 09:32:44'),
(39, 3, 15, '所以我主张"鼓励而非强制":先在验证过的行业推,给中小企业过渡空间,别一刀切立法。',             '举手', NULL,  11, '2026-07-03 09:33:01'),
(40, 3, 14, '同意,先行先试、逐步扩散,比一夜铺开稳妥,也更能积累"如何重构"的经验。',                     '补充', NULL,  12, '2026-07-03 09:33:19'),
(41, 3, 11, '看来大家在"路径"上比在"能否"上更容易达成一致。',                                             '串联', NULL,  13, '2026-07-03 09:33:36'),
(42, 3, 11, '四天制不是能不能的问题,而是怎么重构、由谁先行的问题。感谢各位。',                           '收尾', NULL,  14, '2026-07-03 09:33:53');

INSERT OR IGNORE INTO insight (id, discussion_id, type, content, created_at) VALUES
(7, 3, 'consensus',  '在以产出计价的知识型行业,四天工作制已有可复制的成功样本。',   '2026-07-03 09:31:36'),
(8, 3, 'divergence', '四天制能否跨越到制造业/服务业等强调在岗时长的领域,分歧明显。', '2026-07-03 09:31:37'),
(9, 3, 'consensus',  '成败取决于能否真正重构工作方式,而非简单把五天的活压进四天。', '2026-07-03 09:33:38');

-- ================= 讨论 4:核能是不是应对气候变化的最优解? =================
INSERT OR IGNORE INTO discussion (id, topic, status, expert_count, summary, created_at) VALUES
(4, '核能是不是应对气候变化的最优解?', 'finished', 4,
 '在核能这道题上,四位嘉宾的共识是:实现深度脱碳,需要稳定的低碳基荷电力,单靠间歇性的风光并不足够。真正的分歧在于"核能是不是最优路径"——一方看重其稳定与高能量密度,另一方指出核电建设周期长、造价高,而风光加储能的成本已大幅下降。讨论逐渐把焦点从"技术优劣"转向"全生命周期成本与公众信任":核能的瓶颈往往不在技术,而在造价、工期与社会接受度。最终各方趋同于一个务实结论:与其争"谁是最优解",不如按地区禀赋做"核能 + 可再生 + 储能"的组合,并把公众沟通当作硬约束。',
 '2026-07-04 16:00:00');

INSERT OR IGNORE INTO participant (id, discussion_id, role, name, profession, title, stance, color) VALUES
(16, 4, 'host',   '罗盘', '科学记者',         '圆桌主持', '中立引导',                     '#6B7280'),
(17, 4, 'expert', '叶航', '核能工程师',       '总工程师', '稳定低碳基荷,不可或缺',         '#2563EB'),
(18, 4, 'expert', '秦岭', '可再生能源研究员', '研究员',   '风光储成本已反超,核能太慢太贵', '#DB2777'),
(19, 4, 'expert', '龚宇', '环境经济学家',     '教授',     '要算全生命周期成本再下结论',     '#D97706'),
(20, 4, 'expert', '简凡', '核安全沟通学者',   '副教授',   '技术之外,公众信任才是瓶颈',     '#0D9488');

INSERT OR IGNORE INTO speech (id, discussion_id, participant_id, content, reaction_type, target_speech_id, seq, created_at) VALUES
(43, 4, 16, '要在本世纪中叶实现净零,核能到底是不是最优解?今天请各位亮明判断。',                         '开场', NULL,  1,  '2026-07-04 16:00:05'),
(44, 4, 17, '要深度脱碳就需要稳定的低碳基荷,核电几乎是唯一能大规模提供的选项,风光靠天吃饭补不上。',       '举手', NULL,  2,  '2026-07-04 16:00:23'),
(45, 4, 18, '基荷的说法过时了。风光加储能的成本这几年腰斩,灵活性电源正在替代基荷,核电又慢又贵。',         '反驳', 44,   3,  '2026-07-04 16:00:41'),
(46, 4, 19, '成本不能只看电价,要算全生命周期:退役、废料、事故风险都要计入,风光的系统成本也别忽略。',     '举手', NULL,  4,  '2026-07-04 16:00:59'),
(47, 4, 20, '别忘了最难量化的一项——公众信任。一次事故的社会记忆能让核电停摆十年,这是硬约束。',           '抢答', NULL,  5,  '2026-07-04 16:01:17'),
(48, 4, 16, '我听到"稳定性"和"成本/信任"两条主线。先记下共识与分歧。',                                   '串联', NULL,  6,  '2026-07-04 16:01:34'),
(49, 4, 17, '储能现在还扛不住季节性波动,长时储能技术没成熟前,基荷缺口只能靠核电或化石填。',             '补充', NULL,  7,  '2026-07-04 16:01:51'),
(50, 4, 18, '那也不必是核电——地热、水电、跨区电网都能补基荷,把宝全押在工期十年的核电上风险更大。',       '反驳', 49,   8,  '2026-07-04 16:02:09'),
(51, 4, 19, '所以正确问法不是"谁最优",而是"给定地区禀赋,什么组合的全生命周期成本最低"。',               '补充', NULL,  9,  '2026-07-04 16:02:27'),
(52, 4, 16, '那我追问:如果技术和成本都能解决,公众信任这关怎么过?',                                     '追问', NULL,  10, '2026-07-04 16:02:44'),
(53, 4, 20, '靠透明——独立监管、信息公开、社区参与选址。信任不是宣传出来的,是长期兑现出来的。',           '举手', NULL,  11, '2026-07-04 16:03:01'),
(54, 4, 17, '这点我完全认同,再安全的堆型,过不了公众这关也建不成。技术和信任得一起做。',                 '补充', NULL,  12, '2026-07-04 16:03:19'),
(55, 4, 16, '大家从"核能优劣"逐渐转到了"组合方案 + 公众信任"上。',                                       '串联', NULL,  13, '2026-07-04 16:03:36'),
(56, 4, 16, '与其争谁是最优解,不如因地制宜做组合,并把公众沟通当硬约束。感谢各位。',                     '收尾', NULL,  14, '2026-07-04 16:03:53');

INSERT OR IGNORE INTO insight (id, discussion_id, type, content, created_at) VALUES
(10, 4, 'consensus',  '深度脱碳需要稳定的低碳基荷,单靠间歇性风光并不足够。',         '2026-07-04 16:01:36'),
(11, 4, 'divergence', '核能是否为最优路径:稳定性 vs 工期长/造价高、风光储成本骤降,分歧明显。', '2026-07-04 16:01:37'),
(12, 4, 'consensus',  '按地区禀赋做"核能+可再生+储能"组合,并把公众信任当硬约束。',   '2026-07-04 16:03:38');

-- ================= 讨论 5:经典文学在短视频时代还有没有必要读? =================
INSERT OR IGNORE INTO discussion (id, topic, status, expert_count, summary, created_at) VALUES
(5, '经典文学在短视频时代还有没有必要读?', 'finished', 4,
 '短视频时代要不要读经典,四位嘉宾没有陷入"新旧对立"。共识是:深度阅读锻炼的专注、共情与复杂思辨,是碎片化内容难以替代的;分歧则在于"经典的载体是否必须是原著长文"——一方坚持逐字精读的不可替代,一方认为好故事会以新形式延续、入口可以更轻。争论中逐渐形成一个更成熟的看法:深读与碎读锻炼的是不同能力,不必二选一;短视频可以是通往经典的"入口和路标",但代替不了亲自穿越文本的过程。最终落点是:与其争"要不要读",不如让新媒介成为经典的引流器,把更多人领到深度阅读的门口。',
 '2026-07-05 11:00:00');

INSERT OR IGNORE INTO participant (id, discussion_id, role, name, profession, title, stance, color) VALUES
(21, 5, 'host',   '沈渡', '文化评论人',       '圆桌主持', '中立引导',                     '#6B7280'),
(22, 5, 'expert', '钱进', '比较文学教授',     '教授',     '经典训练深度思维,不可替代',     '#9333EA'),
(23, 5, 'expert', '卢星', '短视频平台主编',   '内容总监', '载体在变,好故事会以新形式延续', '#0EA5E9'),
(24, 5, 'expert', '邓宁', '中学语文教师',     '班主任',   '关键在引导,不是非此即彼',       '#DC2626'),
(25, 5, 'expert', '韩雪', '认知科学研究者',   '副教授',   '深读与碎读锻炼不同能力,都需要', '#16A34A');

INSERT OR IGNORE INTO speech (id, discussion_id, participant_id, content, reaction_type, target_speech_id, seq, created_at) VALUES
(57, 5, 21, '短视频占满注意力的时代,厚厚的经典还有必要一页页读吗?请各位先亮明看法。',                   '开场', NULL,  1,  '2026-07-05 11:00:05'),
(58, 5, 22, '有必要,而且不可替代。经典训练的是长链条的专注与思辨,这是碎片化内容给不了的深度。',           '举手', NULL,  2,  '2026-07-05 11:00:23'),
(59, 5, 23, '深度我同意,但载体不必是原著长文。好故事会以新形式延续,短视频也能承载经典的内核。',           '反驳', 58,   3,  '2026-07-05 11:00:41'),
(60, 5, 24, '作为一线老师,我看到的是"引导"的问题——不是读不读,而是有没有人把孩子领进门。',               '举手', NULL,  4,  '2026-07-05 11:00:59'),
(61, 5, 25, '从认知看,深读和刷短视频锻炼的是不同脑区能力:一个练持续推理,一个练快速切换,不该二选一。',     '抢答', NULL,  5,  '2026-07-05 11:01:17'),
(62, 5, 21, '我听到"不可替代"和"载体可变"两种声音,还有"引导"和"能力不同"的补充。先记下来。',           '串联', NULL,  6,  '2026-07-05 11:01:34'),
(63, 5, 22, '短视频能讲情节,但讲不了文本的肌理——语言的节奏、留白、反讽,这些只能亲自穿越文字才能得到。',   '补充', NULL,  7,  '2026-07-05 11:01:51'),
(64, 5, 23, '可对很多人来说,原著门槛太高,连门都进不去。短视频至少能当"入口",把人领到经典面前。',         '反驳', 63,   8,  '2026-07-05 11:02:09'),
(65, 5, 24, '这两点其实不冲突:短视频做入口和路标,课堂再引导深读,入口和深度可以接力。',                 '补充', NULL,  9,  '2026-07-05 11:02:27'),
(66, 5, 21, '那我追问:如果短视频只停在"入口",大多数人会不会就不再往里走了?',                           '追问', NULL,  10, '2026-07-05 11:02:44'),
(67, 5, 25, '会有流失,但没有入口连流失的机会都没有。关键是设计"从入口到深读"的路径,而不是否定入口。',     '举手', NULL,  11, '2026-07-05 11:03:01'),
(68, 5, 22, '这个我可以接受——把短视频当引流器,而不是替代品,那它反而是经典的盟友。',                     '补充', NULL,  12, '2026-07-05 11:03:19'),
(69, 5, 21, '有意思,争论从"取代"走到了"接力"。',                                                         '串联', NULL,  13, '2026-07-05 11:03:36'),
(70, 5, 21, '与其争要不要读,不如让新媒介把更多人领到深度阅读的门口。感谢各位今天的碰撞。',              '收尾', NULL,  14, '2026-07-05 11:03:53');

INSERT OR IGNORE INTO insight (id, discussion_id, type, content, created_at) VALUES
(13, 5, 'consensus',  '深度阅读锻炼的专注、共情与复杂思辨,是碎片化内容难以替代的。',   '2026-07-05 11:01:36'),
(14, 5, 'divergence', '经典的载体是否必须是原著长文,还是可由新形式承载,分歧明显。',   '2026-07-05 11:01:37'),
(15, 5, 'consensus',  '短视频可作通往经典的"入口与路标",但替代不了亲历文本的过程。',   '2026-07-05 11:03:38');
